Type,Name,Request Count,Failure Count,Median Response Time,Average Response Time,Min Response Time,Max Response Time,Average Content Size,Requests/s,Failures/s,50%,66%,75%,80%,90%,95%,98%,99%,99.9%,99.99%,100%
GET,GET /api/v1/messages,109,19,3100,2919.6831230091852,1041.0211390008044,4413.344307002262,3916.1100917431195,2.4672675791555205,0.43007416517389807,3100,3300,3500,3600,3800,3800,4200,4200,4400,4400,4400
GET,GET /api/v1/statistics,46,8,3100,2876.281364847866,786.2564530005329,4638.407014997938,141.2173913043478,1.0412321893683847,0.18108385902058866,3100,3200,3300,3400,3800,4100,4600,4600,4600,4600,4600
POST,POST /api/v1/messages,208,36,3300,2980.307780610408,933.293281999795,5902.123331998155,208.25,4.708180334535305,0.814877365592649,3300,3500,3600,3700,3900,4200,4600,5400,5900,5900,5900
,Aggregated,363,63,3200,2948.921271509553,786.2564530005329,5902.123331998155,1313.1349862258953,8.216680103059211,1.4260353897871356,3200,3400,3500,3600,3800,4100,4400,5100,5900,5900,5900
