Type,Name,Request Count,Failure Count,Median Response Time,Average Response Time,Min Response Time,Max Response Time,Average Content Size,Requests/s,Failures/s,50%,66%,75%,80%,90%,95%,98%,99%,99.9%,99.99%,100%
GET,GET /api/v1/messages,33,0,14000,12945.935720151423,5990.693837997242,14354.420343999664,4737.212121212121,0.7503557320275445,0.0,14000,14000,14000,14000,14000,14000,14000,14000,14000,14000,14000
GET,GET /api/v1/statistics,7,0,14000,11922.096178427766,6456.77896199777,14384.868376997474,148.71428571428572,0.15916636739978215,0.0,14000,14000,14000,14000,14000,14000,14000,14000,14000,14000,14000
POST,POST /api/v1/messages,44,0,14000,12482.593716908923,2894.25628400204,14353.951061999396,233.0,1.0004743093700594,0.0,14000,14000,14000,14000,14000,14000,14000,14000,14000,14000,14000
,Aggregated,84,0,14000,12617.912804261712,2894.25628400204,14384.868376997474,1995.4880952380952,1.909996408797386,0.0,14000,14000,14000,14000,14000,14000,14000,14000,14000,14000,14000
